Date,Open,High,Low,Close,Adj Close,Volume
12/31/2018,14.85,14.97,14.7,14.75,14.372322,237500
1/2/2019,14.69,15.11,14.65,14.9,14.51848,267900
1/3/2019,14.76,14.83,14.4,14.48,14.109235,203300
1/4/2019,14.64,14.92,14.61,14.91,14.528225,187600
1/7/2019,14.94,15.09,14.84,15.04,14.654897,264400
1/8/2019,15.02,15.05,14.81,14.96,14.576945,120900
1/9/2019,15.04,15.21,15.02,15.15,14.76208,149100
1/10/2019,15.15,15.29,15.09,15.29,14.898495,156800
1/11/2019,15.21,15.31,15.1,15.3,14.908238,86100
1/14/2019,15.25,15.25,15.11,15.23,14.840032,205900
1/15/2019,15.24,15.41,15.24,15.36,14.966702,278000
1/16/2019,15.42,15.43,15.33,15.37,14.976446,124000
1/17/2019,15.34,15.43,15.21,15.39,14.995935,247800
1/18/2019,15.48,15.5,15.36,15.47,15.073886,213900
1/22/2019,15.39,15.47,15.14,15.25,14.859519,267400
1/23/2019,15.44,15.53,15.38,15.53,15.132349,104500
1/24/2019,15.45,15.52,15.35,15.47,15.073886,232800
1/25/2019,15.57,15.81,15.5,15.81,15.405182,805200
1/28/2019,15.75,15.94,15.7,15.89,15.483132,469700
1/29/2019,15.85,15.9,15.64,15.75,15.346718,220000
1/30/2019,15.82,15.95,15.67,15.95,15.541595,245200
1/31/2019,15.89,15.89,15.72,15.84,15.434413,264000
2/1/2019,15.61,15.71,15.49,15.59,15.190813,307500
2/4/2019,15.46,15.72,15.39,15.68,15.278509,106300
2/5/2019,15.58,15.78,15.57,15.71,15.307742,127400
2/6/2019,15.72,15.74,15.62,15.7,15.297997,83200
2/7/2019,15.67,15.67,15.32,15.4,15.005677,174800
2/8/2019,15.42,15.49,15.35,15.49,15.093374,133600
2/11/2019,15.74,15.77,15.65,15.66,15.259021,189600
2/12/2019,15.96,16.030001,15.92,16.01,15.60006,470400
2/13/2019,16.27,16.27,16.07,16.08,15.668266,369800
2/14/2019,16.17,16.389999,16.15,16.360001,15.9411,467900
2/15/2019,16.530001,16.6,16.41,16.51,16.087255,615300
2/19/2019,16.6,16.66,16.540001,16.629999,16.204182,315800
2/20/2019,16.690001,16.75,16.629999,16.74,16.311365,350400
2/21/2019,16.85,16.870001,16.68,16.719999,16.291878,368700
2/22/2019,16.889999,17.01,16.82,17,16.564711,399800
2/25/2019,17.1,17.129999,17.040001,17.07,16.632917,347500
2/26/2019,17.040001,17.040001,16.91,16.98,16.545221,479200
2/27/2019,17.049999,17.09,16.98,17.049999,16.61343,379800
2/28/2019,16.75,16.75,16.549999,16.68,16.252903,568900
3/1/2019,16.879999,16.93,16.639999,16.74,16.311365,384300
3/4/2019,16.84,17,16.799999,16.870001,16.43804,274800
3/5/2019,16.85,16.9,16.66,16.76,16.330854,333900
3/6/2019,16.860001,16.9,16.52,16.690001,16.262648,540100
3/7/2019,16.77,16.77,16.299999,16.309999,15.892377,508900
3/8/2019,16.299999,16.309999,16.09,16.15,15.736474,545000
3/11/2019,16.25,16.620001,16.200001,16.59,16.165209,312000
3/12/2019,16.68,17.08,16.68,16.99,16.554966,673100
3/13/2019,17.09,17.15,17.049999,17.15,16.710869,326900
3/14/2019,17.15,17.16,16.93,16.969999,16.535477,243800
3/15/2019,16.969999,16.969999,16.809999,16.85,16.418552,217300
3/18/2019,17,17.16,16.91,17.16,16.720615,840100
3/19/2019,17.15,17.15,17.02,17.07,16.632917,326500
3/20/2019,16.9,17.040001,16.790001,16.940001,16.506248,514600
3/21/2019,16.76,16.790001,16.610001,16.77,16.340597,444700
3/22/2019,16.709999,16.75,16.459999,16.459999,16.038534,351400
3/25/2019,16.35,16.440001,16.299999,16.379999,15.960586,355200
3/26/2019,16.549999,16.68,16.5,16.6,16.174952,258300
3/27/2019,16.690001,16.690001,16.450001,16.469999,16.048281,206100
3/28/2019,16.469999,16.540001,16.41,16.469999,16.048281,240900
3/29/2019,16.49,16.780001,16.49,16.559999,16.135975,144000
4/1/2019,16.75,17.02,16.700001,17.01,16.574455,496400
4/2/2019,17.01,17.02,16.799999,16.83,16.399063,689200
4/3/2019,16.91,17.02,16.85,16.959999,16.525734,258900
4/4/2019,16.93,17.059999,16.82,17.040001,16.603687,258800
4/5/2019,17.040001,17.110001,16.969999,17.09,16.652405,312500
4/8/2019,17.049999,17.09,16.959999,17.07,16.632917,205300
4/9/2019,16.99,17.030001,16.93,16.950001,16.515993,231300
4/10/2019,17,17.01,16.82,16.85,16.418552,245900
4/11/2019,16.940001,17.07,16.870001,16.959999,16.525734,460400
4/12/2019,17.08,17.200001,17.059999,17.18,16.740101,350100
4/15/2019,17.200001,17.200001,16.99,16.99,16.554966,377200
4/16/2019,16.99,17.01,16.91,16.959999,16.525734,264200
4/17/2019,16.959999,16.959999,16.799999,16.809999,16.379574,398300
4/18/2019,16.85,16.85,16.639999,16.68,16.252903,282000
4/22/2019,16.67,16.67,16.57,16.629999,16.204182,173400
4/23/2019,16.610001,16.860001,16.610001,16.860001,16.428295,355700
4/24/2019,16.85,16.879999,16.790001,16.809999,16.379574,112400
4/25/2019,16.809999,16.83,16.709999,16.790001,16.36009,179600
4/26/2019,16.83,16.879999,16.610001,16.700001,16.272394,895600
4/29/2019,16.700001,16.77,16.65,16.690001,16.262648,270000
4/30/2019,16.719999,16.73,16.58,16.67,16.24316,209300
5/1/2019,16.700001,16.700001,16.469999,16.5,16.077511,315600
5/2/2019,16.57,16.6,16.41,16.41,15.989818,376300
5/3/2019,16.459999,16.59,16.43,16.52,16.096998,117600
5/6/2019,16.17,16.41,16.030001,16.379999,15.960586,393800
5/7/2019,16.33,16.33,16.120001,16.17,15.755962,313700
5/8/2019,16.24,16.290001,16.17,16.219999,15.804682,243300
5/9/2019,16.059999,16.129999,15.88,16.07,15.658524,359100
5/10/2019,16.1,16.309999,16.01,16.290001,15.87289,472300
5/13/2019,16.09,16.219999,15.98,16.139999,15.726731,617000
5/14/2019,16.309999,16.51,16.309999,16.4,15.980071,524200
5/15/2019,16.51,16.709999,16.4,16.629999,16.204182,588500
5/16/2019,16.629999,16.76,16.530001,16.75,16.32111,736800
5/17/2019,16.59,16.59,16.360001,16.42,15.999562,613600
5/20/2019,16.34,16.540001,16.32,16.49,16.067766,554100
5/21/2019,16.51,16.66,16.5,16.639999,16.213928,269700
5/22/2019,16.610001,16.610001,16.4,16.459999,16.038534,314500
5/23/2019,16.459999,16.459999,16.299999,16.42,15.999562,426000
5/24/2019,16.35,16.35,16.15,16.23,15.814425,471400
5/28/2019,16.299999,16.32,16.16,16.190001,15.775451,361000
5/29/2019,16.18,16.440001,16.110001,16.41,15.989818,534600
5/30/2019,16.41,16.41,16.15,16.17,15.755962,330100
5/31/2019,16.120001,16.23,16.08,16.190001,15.775451,779400
6/3/2019,16.18,16.18,15.95,16.07,15.658524,429800
6/4/2019,16.1,16.24,16.1,16.24,15.82417,611800
6/5/2019,16.290001,16.35,16.16,16.219999,15.804682,357900
6/6/2019,16.219999,16.24,16.09,16.209999,15.794938,341500
6/7/2019,16.25,16.42,16.25,16.370001,15.950843,380900
6/10/2019,16.370001,16.43,16.32,16.33,15.911866,303300
6/11/2019,16.41,16.48,16.360001,16.370001,15.950843,199600
6/12/2019,16.35,16.360001,16.200001,16.26,15.843658,245300
6/13/2019,16.26,16.27,16.18,16.219999,15.804682,209900
6/14/2019,16.280001,16.35,16.219999,16.280001,15.863147,162000
6/17/2019,16.200001,16.200001,16.059999,16.08,15.668266,298200
6/18/2019,16.120001,16.17,16.049999,16.129999,15.716987,329100
6/19/2019,16.17,16.309999,16.15,16.309999,15.892377,585100
6/20/2019,16.4,16.469999,16.370001,16.440001,16.019049,304900
6/21/2019,16.41,16.41,16.33,16.370001,15.950843,257600
6/24/2019,16.41,16.49,16.4,16.459999,16.038534,666100
6/25/2019,16.440001,16.440001,16.309999,16.32,15.902123,791800
6/26/2019,16.4,16.4,16.219999,16.280001,15.863147,332300
6/27/2019,16.26,16.27,15.99,16.030001,15.619549,744800
6/28/2019,16.040001,16.209999,15.99,16.02,15.609803,484900
7/1/2019,16.25,16.309999,16.16,16.27,15.853402,565200
7/2/2019,16.34,16.370001,16.24,16.309999,15.892377,320800
7/3/2019,16.27,16.280001,16.190001,16.26,15.843658,296000
7/5/2019,16.360001,16.370001,16.24,16.280001,15.863147,414700
7/8/2019,16.190001,16.219999,16.07,16.110001,15.697497,513100
7/9/2019,16.059999,16.09,16,16.08,15.668266,348200
7/10/2019,16.15,16.33,16.15,16.290001,15.87289,328900
7/11/2019,16.33,16.370001,16.200001,16.23,15.814425,255800
7/12/2019,16.23,16.440001,16.23,16.43,16.009304,263200
7/15/2019,16.4,16.4,16.219999,16.27,15.853402,271100
7/16/2019,16.34,16.469999,16.32,16.459999,16.038534,334400
7/17/2019,16.459999,16.459999,16.209999,16.32,15.902123,541700
7/18/2019,16.309999,16.34,16.129999,16.280001,15.863147,227000
7/19/2019,16.290001,16.440001,16.290001,16.370001,15.950843,326100
7/22/2019,16.4,16.42,16.280001,16.379999,15.960586,137500
7/23/2019,16.42,16.530001,16.389999,16.450001,16.028793,356900
7/24/2019,16.5,16.549999,16.32,16.41,15.989818,489100
7/25/2019,16.459999,16.5,16.33,16.389999,15.970328,210200
7/26/2019,16.4,16.52,16.4,16.51,16.087255,171900
7/29/2019,16.5,16.5,16.370001,16.41,15.989818,156400
7/30/2019,16.309999,16.309999,16.1,16.120001,15.707243,421800
7/31/2019,16.34,16.34,16.110001,16.18,15.765707,199900
8/1/2019,16.200001,16.360001,15.96,15.96,15.55134,673300
8/2/2019,16.09,16.16,15.95,16.07,15.658524,446400
8/5/2019,15.65,15.7,15.12,15.28,14.888751,969100
8/6/2019,15.3,15.38,15.2,15.26,14.869264,301000
8/7/2019,15.24,15.62,15.21,15.58,15.181069,329500
8/8/2019,15.67,15.86,15.65,15.83,15.424668,327400
8/9/2019,15.7,15.83,15.62,15.65,15.249276,320200
8/12/2019,15.5,15.54,15.35,15.4,15.005677,445300
8/13/2019,15.36,15.7,15.36,15.53,15.132349,435200
8/14/2019,15.32,15.42,15.24,15.24,14.849776,529200
8/15/2019,15.3,15.49,15.3,15.43,15.034909,381600
8/16/2019,15.49,15.64,15.46,15.58,15.181069,202600
8/19/2019,15.69,15.72,15.62,15.63,15.22979,253400
8/20/2019,15.75,15.8,15.64,15.68,15.278509,145100
8/21/2019,15.78,15.87,15.76,15.85,15.444157,180400
8/22/2019,15.87,15.94,15.82,15.91,15.502621,174100
8/23/2019,15.84,15.84,15.56,15.59,15.190813,297800
8/26/2019,15.69,15.72,15.53,15.57,15.171325,266500
8/27/2019,15.58,15.64,15.46,15.49,15.093374,258100
8/28/2019,15.5,15.6,15.45,15.57,15.171325,196000
8/29/2019,15.56,15.63,15.44,15.56,15.161581,309100
8/30/2019,15.62,15.72,15.57,15.68,15.278509,175800
9/3/2019,15.62,15.67,15.56,15.65,15.249276,138600
9/4/2019,15.71,15.74,15.66,15.73,15.327229,181300
9/5/2019,15.83,15.88,15.78,15.84,15.434413,171200
9/6/2019,15.88,15.88,15.76,15.81,15.405182,151400
9/9/2019,15.88,15.88,15.68,15.74,15.336974,112000
9/10/2019,15.65,15.73,15.63,15.65,15.249276,108900
9/11/2019,15.61,15.69,15.58,15.66,15.259021,112300
9/12/2019,15.72,15.8,15.66,15.73,15.327229,74800
9/13/2019,15.82,15.88,15.79,15.85,15.444157,116400
9/16/2019,15.88,16.049999,15.88,16,15.590316,611900
9/17/2019,16,16.15,15.98,16.02,15.609803,490000
9/18/2019,16.02,16.08,15.9,16,15.590316,236000
9/19/2019,16.15,16.15,16.08,16.08,15.668266,163000
9/20/2019,16.129999,16.15,16.02,16.040001,15.629293,70800
9/23/2019,16,16.040001,15.95,16,15.590316,64500
9/24/2019,16.110001,16.15,15.98,15.99,15.580571,128700
9/25/2019,16.01,16.07,15.95,16.059999,15.648778,123300
9/26/2019,16.07,16.200001,16.07,16.200001,15.785195,321200
9/27/2019,16.24,16.32,16.129999,16.15,15.736474,242200
9/30/2019,16.25,16.34,16.25,16.309999,15.892377,148000
10/1/2019,16.33,16.35,16.110001,16.17,15.755962,222600
10/2/2019,16.190001,16.190001,15.97,15.98,15.570827,868600
10/3/2019,15.96,16.139999,15.95,16.1,15.687757,87800
10/4/2019,16.16,16.25,16.129999,16.24,15.82417,79200
10/7/2019,16.120001,16.15,16.030001,16.08,15.668266,114500
10/8/2019,16.030001,16.030001,15.91,15.93,15.522108,83900
10/9/2019,15.99,16.07,15.96,16,15.590316,224100
10/10/2019,16,16.16,16,16.08,15.668266,45200
10/11/2019,16.16,16.200001,16.110001,16.17,15.755962,156000
10/14/2019,16.18,16.200001,16.059999,16.07,15.658524,90900
10/15/2019,16.07,16.280001,16.07,16.25,15.833914,225300
10/16/2019,16.27,16.299999,16.219999,16.26,15.843658,174500
10/17/2019,16.280001,16.32,16.16,16.200001,15.785195,92100
10/18/2019,16.25,16.25,16.07,16.139999,15.726731,92900
10/21/2019,16.16,16.219999,16.139999,16.200001,15.785195,126100
10/22/2019,16.24,16.26,16.190001,16.209999,15.794938,124000
10/23/2019,16.209999,16.290001,16.209999,16.209999,15.794938,99000
10/24/2019,16.290001,16.299999,16.16,16.17,15.755962,606000
10/25/2019,16.17,16.290001,16.17,16.290001,15.87289,117100
10/28/2019,16.299999,16.299999,16.219999,16.26,15.843658,79800
10/29/2019,16.280001,16.280001,16.200001,16.219999,15.804682,257500
10/30/2019,16.299999,16.299999,16.209999,16.27,15.853402,120900
10/31/2019,16.25,16.27,16.200001,16.219999,15.804682,171100
11/1/2019,16.52,16.67,16.4,16.620001,16.194439,322300
11/4/2019,16.690001,16.73,16.629999,16.690001,16.262648,274100
11/5/2019,16.719999,16.75,16.610001,16.67,16.24316,458800
11/6/2019,16.709999,16.719999,16.57,16.66,16.233414,159700
11/7/2019,16.690001,16.75,16.58,16.610001,16.184696,133700
11/8/2019,16.629999,16.639999,16.58,16.610001,16.184696,87600
11/11/2019,16.52,16.57,16.5,16.540001,16.116489,119900
11/12/2019,16.51,16.610001,16.51,16.540001,16.116489,102700
11/13/2019,16.41,16.440001,16.309999,16.379999,15.960586,202600
11/14/2019,16.33,16.379999,16.299999,16.35,15.931355,201100
11/15/2019,16.309999,16.49,16.309999,16.450001,16.028793,100500
11/18/2019,16.4,16.440001,16.32,16.389999,15.970328,86600
11/19/2019,16.34,16.379999,16.34,16.35,15.931355,105300
11/20/2019,16.34,16.35,16.219999,16.299999,15.882632,151100
11/21/2019,16.200001,16.25,16.09,16.09,15.678011,172100
11/22/2019,16.129999,16.139999,15.97,16.030001,15.619549,446100
11/25/2019,16.01,16.09,16.01,16.08,15.668266,97500
11/26/2019,16.120001,16.200001,16.1,16.18,15.765707,107400
11/27/2019,16.200001,16.200001,16.1,16.139999,15.726731,137600
11/29/2019,15.99,16,15.92,15.94,15.531852,104800
12/2/2019,15.91,15.92,15.76,15.79,15.385693,133900
12/3/2019,15.65,15.75,15.6,15.75,15.346718,243400
12/4/2019,15.83,15.98,15.83,15.92,15.512364,198800
12/5/2019,15.85,15.9,15.79,15.85,15.444157,66400
12/6/2019,15.89,16,15.85,15.93,15.522108,206200
12/9/2019,15.95,15.97,15.8,15.81,15.405182,267000
12/10/2019,15.73,15.83,15.71,15.83,15.424668,223200
12/11/2019,15.76,15.92,15.75,15.91,15.502621,203900
12/12/2019,15.98,16.209999,15.95,16.18,15.765707,177000
12/13/2019,16.16,16.16,15.93,16.09,15.678011,263900
12/16/2019,16,16.059999,15.97,15.99,15.580571,143600
12/17/2019,15.9,15.95,15.85,15.88,15.473389,141900
12/18/2019,15.88,15.88,15.78,15.86,15.4539,157400
12/19/2019,15.75,15.8,15.75,15.78,15.375949,256600
12/20/2019,15.8,15.92,15.8,15.88,15.473389,119200
12/23/2019,15.79,15.8,15.75,15.79,15.488101,96200
12/24/2019,15.75,15.85,15.74,15.85,15.546954,64900
12/26/2019,15.85,15.89,15.8,15.87,15.566572,118300
12/27/2019,15.88,15.96,15.83,15.87,15.566572,146400
12/30/2019,15.9,15.93,15.86,15.91,15.621557,214100
12/31/2019,15.93,15.99,15.88,15.99,15.700106,94800
1/2/2020,16,16.27,15.99,16.26,15.965211,615400
1/3/2020,16.200001,16.200001,16,16.09,15.798293,402400
1/6/2020,16,16.07,15.9,16.040001,15.749202,157600
1/7/2020,16.040001,16.09,16.01,16.01,15.719745,108500
1/8/2020,15.85,15.92,15.77,15.86,15.572463,193300
1/9/2020,15.86,15.92,15.8,15.85,15.562645,220100
1/10/2020,15.89,15.95,15.86,15.91,15.621557,75800
1/13/2020,15.93,16.120001,15.91,16.1,15.808113,353600
1/14/2020,16.120001,16.129999,16.059999,16.07,15.778656,153800
1/15/2020,16.02,16.030001,15.93,15.98,15.690287,146200
1/16/2020,15.98,16.08,15.98,16.01,15.719745,195800
1/17/2020,16.01,16.08,16.01,16.049999,15.759016,121500
1/21/2020,16,16.049999,15.97,15.99,15.700106,312200
1/22/2020,15.99,16.129999,15.99,16.040001,15.749202,177400
1/23/2020,16.08,16.1,15.96,16.08,15.788473,218700
1/24/2020,15.94,16.08,15.91,16.01,15.719745,82100
1/27/2020,15.74,15.83,15.5,15.7,15.415363,402800
1/28/2020,15.52,15.69,15.5,15.59,15.307358,496200
1/29/2020,15.59,15.68,15.53,15.63,15.346633,161500
1/30/2020,15.5,15.6,15.45,15.52,15.238627,344700
1/31/2020,15.28,15.36,14.89,14.89,14.620049,745800
2/3/2020,14.85,14.96,14.85,14.96,14.68878,343500
2/4/2020,15.08,15.18,14.97,15.1,14.826242,266200
2/5/2020,15.18,15.2,15.01,15.06,14.786967,351700
2/6/2020,15.22,15.22,15.1,15.13,14.855699,245100
2/7/2020,14.93,15.13,14.93,15.05,14.777149,461800
2/10/2020,15,15.06,14.94,15,14.728055,254400
2/11/2020,15.1,15.2,15.1,15.17,14.894972,233600
2/12/2020,15.26,15.34,15.26,15.3,15.022615,146600
2/13/2020,15.3,15.3,15.23,15.28,15.002978,301300
2/14/2020,15.3,15.37,15.27,15.27,14.99316,167100
2/18/2020,15.2,15.2,15.05,15.07,14.796785,294400
2/19/2020,15.1,15.13,15,15.02,14.747693,218500
2/20/2020,15.11,15.11,14.96,15,14.728055,169100
2/21/2020,14.92,15,14.91,14.96,14.68878,126000
2/24/2020,14.28,14.28,14.01,14.2,13.942557,689800
2/25/2020,14.33,14.49,14.06,14.08,13.824734,528900
2/26/2020,14.17,14.29,14.11,14.11,13.85419,193700
2/27/2020,14.05,14.05,13.69,13.7,13.451624,609000
2/28/2020,13.48,13.8,13.31,13.74,13.490898,723900
3/2/2020,13.61,13.87,13.58,13.87,13.618542,581100
3/3/2020,13.8,13.96,13.63,13.73,13.481079,233400
3/4/2020,13.77,13.98,13.77,13.98,13.726546,103500
3/5/2020,13.95,13.97,13.65,13.69,13.441805,224600
3/6/2020,13.5,13.75,13.5,13.59,13.343617,354300
3/9/2020,12.7,12.98,12.33,12.69,12.459933,601100
3/10/2020,12.89,13.17,12.75,12.83,12.597396,606200
3/11/2020,12.69,12.69,12.33,12.42,12.194829,470900
3/12/2020,10.91,11.6,10.48,11.09,10.888942,722400
3/13/2020,11.36,11.88,10.94,11.2,10.996947,685000
3/16/2020,9.3,10.74,9.3,10.27,10.083808,406200
3/17/2020,10.68,11.18,10.55,10.7,10.506013,509300
3/18/2020,10.48,10.78,9.88,10.04,9.857979,478900
3/19/2020,10,10.7,9.93,10.53,10.339093,917000
3/20/2020,10.33,10.75,10.23,10.5,10.309637,757700
3/23/2020,10.19,10.19,9.7,9.7,9.524141,403700
3/24/2020,10.45,10.5,10.1,10.49,10.299819,385800
3/25/2020,10.58,11,10.4,10.85,10.653294,450600
3/26/2020,10.82,11.08,10.82,11.04,10.839849,401300
3/27/2020,10.9,10.9,10.36,10.52,10.329276,308500
3/30/2020,10.51,10.57,10.11,10.46,10.270364,338600
3/31/2020,10.59,10.75,10.44,10.44,10.250725,136100
4/1/2020,10.44,10.7,10.3,10.33,10.14272,250500
4/2/2020,10.54,10.75,10.5,10.65,10.456919,97900
4/3/2020,10.77,10.89,10.66,10.74,10.545287,117400
4/6/2020,11.28,11.74,11.14,11.6,11.389695,284600
4/7/2020,12.04,12.15,11.62,11.67,11.458426,382500
4/8/2020,11.63,12.07,11.63,11.87,11.6548,401200
4/9/2020,12,12.25,11.88,11.97,11.752987,285300
4/13/2020,11.98,11.98,11.74,11.91,11.694075,250900
4/14/2020,12,12.16,12,12.06,11.841356,237900
4/15/2020,11.89,11.97,11.8,11.94,11.723531,311200
4/16/2020,11.95,12.12,11.95,12.1,11.880631,342400
4/17/2020,12.49,12.49,12.21,12.25,12.027911,202400
4/20/2020,12.46,12.5,12.16,12.16,11.939543,180700
4/21/2020,11.95,11.99,11.68,11.69,11.478064,210200
4/22/2020,12.03,12.15,11.93,12.15,11.929725,130600
4/23/2020,12.14,12.31,12.01,12.01,11.792262,187500
4/24/2020,12.12,12.35,12.08,12.35,12.126099,113500
4/27/2020,12.35,12.44,12.21,12.25,12.027911,114700
4/28/2020,12.5,12.6,12.23,12.38,12.155554,120400
4/29/2020,12.6,12.6,12.41,12.45,12.224285,157000
4/30/2020,12.39,12.45,12.3,12.45,12.224285,221700
5/1/2020,12.2,12.24,11.85,11.92,11.703895,96700
5/4/2020,11.9,12.25,11.9,11.96,11.743168,127300
5/5/2020,12.19,12.4,12.19,12.34,12.116281,242100
5/6/2020,12.3,12.45,12.3,12.41,12.185011,183400
5/7/2020,12.5,12.78,12.34,12.78,12.548303,375800
5/8/2020,12.95,13.25,12.88,13.22,12.980327,385800
5/11/2020,13.35,13.4,12.85,12.87,12.636671,845500
5/12/2020,12.95,13.23,12.88,13.03,12.79377,222600
5/13/2020,13.02,13.04,12.65,12.72,12.48939,275600
5/14/2020,12.72,12.9,12.61,12.9,12.666126,130200
5/15/2020,12.8,12.9,12.65,12.89,12.656309,221700
5/18/2020,12.95,13.39,12.95,13.31,13.068694,240300
5/19/2020,13.31,13.39,13.04,13.04,12.803589,310800
5/20/2020,13.49,13.75,13.35,13.69,13.441805,257400
5/21/2020,13.69,13.76,13.5,13.57,13.32398,258200
5/22/2020,13.49,13.66,13.41,13.52,13.274887,286700
5/26/2020,13.7,13.99,13.7,13.96,13.706909,455800
5/27/2020,13.88,13.93,13.56,13.76,13.510535,367200
5/28/2020,13.85,13.95,13.75,13.75,13.500717,233500
5/29/2020,13.63,13.82,13.6,13.7,13.451624,203300
6/1/2020,13.98,14.05,13.75,14.05,13.795279,280800
6/2/2020,14.17,14.18,14.02,14.09,13.834553,259800
6/3/2020,14.13,14.2,14.03,14.2,13.942557,291500
6/4/2020,14.3,14.3,13.83,14.01,13.756002,533800
6/5/2020,14.1,14.32,14.1,14.15,13.893464,235600
6/8/2020,14.43,14.55,14.41,14.54,14.276394,664300
6/9/2020,14.47,14.47,14.22,14.41,14.148751,262500
6/10/2020,14.41,14.57,14.41,14.5,14.23712,160600
6/11/2020,14.17,14.19,13.61,13.66,13.412348,528700
6/12/2020,13.92,14.03,13.68,13.75,13.500717,220900
6/15/2020,13.38,13.54,13.25,13.4,13.157062,349300
6/16/2020,13.91,13.98,13.55,13.57,13.32398,288800
6/17/2020,13.6,13.8,13.6,13.65,13.402529,306000
6/18/2020,13.65,13.86,13.65,13.75,13.500717,158300
6/19/2020,13.85,13.98,13.72,13.76,13.510535,199400
6/22/2020,13.76,13.94,13.7,13.82,13.569447,318400
6/23/2020,13.97,13.97,13.75,13.89,13.638179,236200
6/24/2020,13.8,13.88,13.51,13.56,13.314162,301500
6/25/2020,13.49,13.73,13.49,13.59,13.343617,460400
6/26/2020,13.68,13.68,13.46,13.49,13.245429,315700
6/29/2020,13.54,13.63,13.4,13.54,13.294524,252000
6/30/2020,13.56,13.58,13.42,13.44,13.196337,179000
7/1/2020,13.6,13.82,13.52,13.76,13.510535,292500
7/2/2020,13.84,13.93,13.8,13.82,13.569447,272900
7/6/2020,13.98,14.15,13.97,14.15,13.893464,376500
7/7/2020,14.14,14.23,13.97,14.08,13.824734,370400
7/8/2020,14.28,14.28,14.11,14.19,13.932739,270200
7/9/2020,14.3,14.37,14.11,14.21,13.952376,280200
7/10/2020,14.2,14.34,14.14,14.23,13.972013,138100
7/13/2020,14.23,14.4,14.11,14.15,13.893464,192100
7/14/2020,14.15,14.39,14.13,14.38,14.119295,92000
7/15/2020,14.4,14.7,14.39,14.66,14.394218,519700
7/16/2020,14.51,14.62,14.51,14.52,14.256758,113400
7/17/2020,14.56,14.6,14.45,14.5,14.23712,81600
7/20/2020,14.57,14.67,14.4,14.58,14.31567,398800
7/21/2020,14.74,14.74,14.41,14.46,14.197845,261700
7/22/2020,14.44,14.49,14.35,14.49,14.2273,370400
7/23/2020,14.47,14.47,14.16,14.24,13.981833,286000
7/24/2020,14.11,14.14,13.88,14.08,13.824734,391400
7/27/2020,13.7,13.76,13.63,13.7,13.451624,379400
7/28/2020,13.97,13.98,13.82,13.89,13.638179,225500
7/29/2020,13.91,13.93,13.8,13.84,13.589085,318200
7/30/2020,13.87,13.95,13.8,13.87,13.618542,249500
7/31/2020,13.9,13.92,13.66,13.7,13.451624,234000
8/3/2020,14.09,14.24,14,14.17,13.913102,407100
8/4/2020,14.33,14.43,14.21,14.36,14.099657,217200
8/5/2020,14.62,14.76,14.5,14.71,14.443312,180100
8/6/2020,14.71,14.71,14.56,14.64,14.374581,226000
8/7/2020,14.64,14.64,14.45,14.63,14.364763,266700
8/10/2020,14.56,14.79,14.56,14.76,14.492405,183700
8/11/2020,14.79,14.79,14.52,14.54,14.276394,369200
8/12/2020,14.59,14.73,14.56,14.73,14.462949,113300
8/13/2020,14.73,14.76,14.62,14.67,14.404037,109500
8/14/2020,14.65,14.7,14.6,14.7,14.433493,81900
8/17/2020,14.7,14.8,14.7,14.8,14.531681,300200
8/18/2020,14.59,14.71,14.38,14.38,14.119295,311500
8/19/2020,14.5,14.5,14.22,14.25,13.991652,230300
8/20/2020,14.13,14.15,14.01,14.1,13.844371,157800
8/21/2020,14.28,14.28,14.1,14.13,13.873827,85400
8/24/2020,14.45,14.49,14.41,14.47,14.207664,144600
8/25/2020,14.59,14.71,14.55,14.71,14.443312,142200
8/26/2020,14.71,14.8,14.67,14.77,14.502225,261000
8/27/2020,14.7,14.7,14.53,14.55,14.286214,161400
8/28/2020,14.68,14.8,14.53,14.74,14.472768,253200
8/31/2020,14.75,14.8,14.62,14.7,14.433493,192300
9/1/2020,14.76,14.85,14.73,14.85,14.580773,247000
9/2/2020,14.85,15,14.85,15,14.728055,180200
9/3/2020,15,15,14.7,14.86,14.590592,294300
9/4/2020,14.88,15.07,14.77,15.01,14.737873,291200
9/8/2020,14.95,14.95,14.74,14.8,14.531681,190200
9/9/2020,14.94,15.17,14.94,15.16,14.885155,283600
9/10/2020,15.16,15.16,14.76,14.76,14.492405,278200
9/11/2020,14.8,14.92,14.73,14.79,14.521861,221400
9/14/2020,15.05,15.18,15,15.13,14.855699,167200
9/15/2020,15.2,15.2,15.16,15.2,14.924429,182800
9/16/2020,15.18,15.18,14.98,14.98,14.708417,144100
9/17/2020,14.9,15.02,14.85,14.94,14.669142,122100
9/18/2020,15,15,14.82,14.82,14.551316,166100
9/21/2020,14.82,14.82,14.57,14.7,14.433493,261500
9/22/2020,14.8,14.8,14.67,14.72,14.453131,60300
9/23/2020,14.68,14.77,14.5,14.5,14.23712,152100
9/24/2020,14.47,14.58,14.3,14.45,14.188026,305100
9/25/2020,14.4,14.54,14.33,14.54,14.276394,310300
9/28/2020,14.69,14.8,14.61,14.8,14.531681,126300
9/29/2020,14.77,14.77,14.63,14.66,14.394218,178900
9/30/2020,14.65,14.88,14.65,14.85,14.580773,96000
10/1/2020,14.87,14.99,14.85,14.95,14.67896,159700
10/2/2020,14.69,14.94,14.68,14.85,14.580773,214700
10/5/2020,14.85,14.98,14.85,14.98,14.708417,181000
10/6/2020,14.99,15,14.74,14.82,14.551316,122000
10/7/2020,15,15.1,14.97,15.1,14.826242,134600
10/8/2020,15.06,15.1,15.02,15.08,14.806604,51500
10/9/2020,15.1,15.2,15.08,15.15,14.875335,232200
10/12/2020,15.15,15.2,15.13,15.2,14.924429,70000
10/13/2020,15.18,15.28,15.15,15.23,14.953884,332900
10/14/2020,15.23,15.3,15.16,15.23,14.953884,118800
10/15/2020,15.15,15.25,15.1,15.24,14.963703,145100
10/16/2020,15.24,15.27,15.15,15.19,14.91461,59400
10/19/2020,15.19,15.19,14.91,14.91,14.639686,311400
10/20/2020,15.02,15.25,15.02,15.14,14.865517,140200
10/21/2020,15.14,15.24,15.05,15.06,14.786967,363500
10/22/2020,15.14,15.2,15.13,15.16,14.885155,263600
10/23/2020,15.22,15.45,15.22,15.44,15.160077,98100
10/26/2020,15.3,15.33,15.1,15.11,14.83606,257900
10/27/2020,15.1,15.11,15.03,15.04,14.767329,116400
10/28/2020,14.9,14.9,14.57,14.58,14.31567,213100
10/29/2020,14.77,14.82,14.61,14.82,14.551316,169200
10/30/2020,14.74,14.83,14.64,14.74,14.472768,121700
11/2/2020,14.97,14.98,14.8,14.9,14.629867,104600
11/3/2020,15,15.14,14.9,15.07,14.796785,82400
11/4/2020,15.2,15.54,15.2,15.46,15.179715,165900
11/5/2020,15.41,15.46,15.33,15.33,15.052073,160300
11/6/2020,15.33,15.39,15.21,15.36,15.081528,141300
11/9/2020,15.67,15.75,15.44,15.54,15.258264,289100
11/10/2020,15.6,15.67,15.5,15.54,15.258264,228600
11/11/2020,15.55,15.61,15.51,15.61,15.326995,146200
11/12/2020,15.64,15.64,15.4,15.54,15.258264,161300
11/13/2020,15.62,15.64,15.54,15.59,15.307358,82400
11/16/2020,15.54,15.59,15.4,15.5,15.218989,198500
11/17/2020,15.54,15.64,15.5,15.59,15.307358,111800
11/18/2020,15.64,15.64,15.47,15.47,15.189533,153000
11/19/2020,15.6,15.69,15.52,15.68,15.395726,181100
11/20/2020,15.71,16.040001,15.71,16.040001,15.749202,323300
11/23/2020,16.040001,16.120001,16.01,16.1,15.808113,305400
11/24/2020,16.16,16.280001,16.110001,16.26,15.965211,225200
11/25/2020,16.18,16.200001,16.02,16.040001,15.749202,205200
11/27/2020,16.200001,16.34,16.15,16.27,15.97503,131600
11/30/2020,16.35,16.360001,15.96,15.96,15.67065,327900
12/1/2020,16.15,16.23,16.049999,16.15,15.857204,203600
12/2/2020,16.15,16.360001,16.15,16.34,16.04376,276200
12/3/2020,16.35,16.549999,16.35,16.43,16.132128,203200
12/4/2020,16.4,16.49,16.360001,16.42,16.122311,156600
12/7/2020,16.459999,16.5,16.42,16.459999,16.161583,170400
12/8/2020,16.459999,16.5,16.450001,16.49,16.191038,127100
12/9/2020,16.51,16.65,16.43,16.530001,16.230316,260600
12/10/2020,16.450001,16.67,16.41,16.67,16.367779,297100
12/11/2020,16.66,16.77,16.629999,16.77,16.465963,199400
12/14/2020,16.91,17.030001,16.91,16.950001,16.642704,425200
12/15/2020,17.059999,17.09,16.879999,16.99,16.681976,299000
12/16/2020,17.1,17.1,17.01,17.059999,16.750708,266200
12/17/2020,17,17,16.82,16.879999,16.573971,306200
12/18/2020,16.959999,17.030001,16.84,16.860001,16.554335,199400
12/21/2020,16.73,16.860001,16.620001,16.83,16.593771,326800
12/22/2020,16.700001,16.799999,16.58,16.620001,16.386719,260400
12/23/2020,16.799999,16.870001,16.73,16.76,16.524754,165500
12/24/2020,16.75,16.76,16.690001,16.73,16.495174,90000
12/28/2020,16.959999,17.1,16.959999,17.1,16.859983,341100
12/29/2020,17.290001,17.49,17.280001,17.49,17.244507,420100
12/30/2020,17.5,17.530001,17.4,17.5,17.254368,203000
12/31/2020,17.59,17.59,17.42,17.49,17.244507,151800
1/4/2021,17.6,17.790001,17.530001,17.549999,17.303663,580500
1/5/2021,17.75,17.99,17.73,17.959999,17.707909,502900
1/6/2021,17.959999,18.049999,17.83,18,17.747349,641100
1/7/2021,18.07,18.219999,18.01,18.209999,17.954399,813100
1/8/2021,18.25,18.459999,18.209999,18.42,18.161455,499900
1/11/2021,18.48,18.58,18.42,18.51,18.250193,410600
1/12/2021,18.700001,18.75,18.57,18.6,18.338928,381600
1/13/2021,18.6,18.639999,18.52,18.59,18.329067,223800
1/14/2021,18.610001,18.639999,18.5,18.5,18.240332,269200
1/15/2021,18.43,18.5,18.34,18.440001,18.181175,483200
1/19/2021,18,18.200001,17.799999,17.85,17.599455,623200
1/20/2021,17.940001,18.16,17.940001,18.110001,17.855806,422000
1/21/2021,18.15,18.379999,18.15,18.370001,18.112158,536800
1/22/2021,18.280001,18.370001,18.26,18.35,18.092438,228800
1/25/2021,18.25,18.35,18.08,18.219999,17.96426,479200
1/26/2021,18.18,18.24,18.1,18.16,17.905102,306600
1/27/2021,17.610001,17.700001,17.299999,17.35,17.106474,774700
1/28/2021,16.809999,16.950001,16.6,16.83,16.593771,753900
1/29/2021,17.24,17.24,16.83,16.92,16.68251,641600
2/1/2021,17,17.049999,16.809999,17.049999,16.810682,629300
2/2/2021,17.440001,17.48,17.24,17.389999,17.145912,505200
2/3/2021,17.809999,17.950001,17.66,17.9,17.648752,394000
2/4/2021,17.84,17.879999,17.77,17.85,17.599455,304500
2/5/2021,17.9,18.030001,17.85,17.92,17.668472,266100
2/8/2021,17.5,17.68,17.27,17.469999,17.224787,394000
2/9/2021,17.57,17.75,17.549999,17.75,17.500858,253500
2/10/2021,17.91,17.91,17.74,17.799999,17.550156,255500
2/11/2021,17.969999,17.969999,17.799999,17.93,17.678331,234400
2/12/2021,17.950001,18.02,17.85,18.01,17.75721,326200
2/16/2021,18.110001,18.110001,17.83,17.83,17.579735,568600
2/17/2021,17.950001,18.120001,17.879999,18.08,17.826227,432300
2/18/2021,18.219999,18.23,18.09,18.200001,17.944542,505900
2/19/2021,18.440001,18.450001,18.200001,18.389999,18.131876,428100
2/22/2021,18.24,18.290001,18.1,18.190001,17.934683,203800
2/23/2021,18,18.139999,17.799999,18.059999,17.806505,268200
2/24/2021,17.940001,18.059999,17.77,18,17.747349,279200
2/25/2021,18.059999,18.059999,17.4,17.4,17.155769,263100
2/26/2021,17.48,17.66,17.4,17.6,17.352964,331800
3/1/2021,17.870001,18.08,17.809999,18.049999,17.796646,183000
3/2/2021,18,18.049999,17.9,17.9,17.648752,310600
3/3/2021,17.85,17.9,17.6,17.6,17.352964,209000
3/4/2021,17.57,17.6,17.290001,17.370001,17.126192,427100
3/5/2021,17.799999,17.799999,17.42,17.700001,17.451561,345500
3/8/2021,17.65,17.700001,17.5,17.5,17.254368,244900
3/9/2021,17.540001,17.76,17.540001,17.549999,17.303663,187700
3/10/2021,17.6,17.700001,17.530001,17.6,17.352964,172500
3/11/2021,17.9,17.99,17.73,17.99,17.737488,172100
3/12/2021,17.82,17.9,17.75,17.780001,17.530437,262300
3/15/2021,17.940001,17.940001,17.76,17.860001,17.609316,107100
3/16/2021,17.93,17.959999,17.84,17.91,17.658611,109400
3/17/2021,17.85,17.98,17.75,17.940001,17.68819,110100
3/18/2021,17.940001,17.98,17.75,17.809999,17.560015,232800
3/19/2021,17.879999,18,17.82,17.889999,17.638893,133800
3/22/2021,17.93,18,17.879999,17.940001,17.68819,164500
3/23/2021,17.799999,17.870001,17.559999,17.559999,17.313524,422100
3/24/2021,17.610001,17.610001,17.4,17.4,17.155769,267000
3/25/2021,17.370001,17.57,17.309999,17.549999,17.303663,257800
3/26/2021,17.66,17.84,17.6,17.84,17.589594,85100
3/29/2021,17.879999,17.91,17.84,17.889999,17.638893,244200
3/30/2021,17.889999,17.940001,17.83,17.870001,17.619173,76100
3/31/2021,17.83,18.15,17.799999,18.1,17.845945,201300
4/1/2021,18.27,18.559999,18.27,18.549999,18.289631,326100
4/5/2021,18.6,18.719999,18.59,18.639999,18.378366,268400
4/6/2021,18.639999,18.700001,18.5,18.5,18.240332,317300
4/7/2021,18.41,18.450001,18.08,18.09,17.836084,306300
4/8/2021,18.299999,18.65,18.299999,18.59,18.329067,167100
4/9/2021,18.5,18.690001,18.4,18.6,18.338928,196500
4/12/2021,18.75,18.950001,18.68,18.92,18.654436,276400
4/13/2021,18.92,19.049999,18.9,19.01,18.743174,569000
4/14/2021,19.16,19.17,19.01,19.01,18.743174,565200
4/15/2021,19.01,19.24,19.01,19.18,18.910786,391300
4/16/2021,19.24,19.290001,19.209999,19.290001,19.019243,386200
4/19/2021,19.35,19.549999,19.35,19.540001,19.265734,425000
4/20/2021,19.52,19.68,19.51,19.6,19.32489,301300
4/21/2021,19.58,19.6,19.42,19.6,19.32489,279100
4/22/2021,19.299999,19.34,19.129999,19.27,18.999525,321300
4/23/2021,19.5,19.52,19.32,19.440001,19.167137,326900
4/26/2021,19.15,19.200001,19.049999,19.1,18.831909,361900
4/27/2021,19.129999,19.209999,19.1,19.139999,18.871347,157400
4/28/2021,19.049999,19.15,19,19.01,18.743174,891300
4/29/2021,19.110001,19.139999,19.01,19.1,18.831909,260100
4/30/2021,19,19.049999,18.780001,18.85,18.585419,291300
5/3/2021,18.709999,18.75,18.51,18.610001,18.348789,254600
5/4/2021,18.700001,18.799999,18.57,18.709999,18.447382,247000
5/5/2021,18.93,19,18.799999,18.92,18.654436,282300
5/6/2021,18.959999,18.98,18.799999,18.860001,18.59528,164200
5/7/2021,18.9,19.07,18.9,19.049999,18.782612,125800
5/10/2021,19.280001,19.4,19.15,19.209999,18.940363,311600
5/11/2021,19,19.139999,18.809999,19.02,18.753033,384800
5/12/2021,18.99,19,18.610001,18.68,18.417805,276000
5/13/2021,18.610001,18.780001,18.540001,18.540001,18.279772,276800
5/14/2021,18.75,18.959999,18.74,18.950001,18.684015,254300
5/17/2021,18.700001,18.83,18.6,18.76,18.496683,176400
5/18/2021,18.639999,18.82,18.620001,18.75,18.486822,340000
5/19/2021,18.540001,18.93,18.540001,18.85,18.585419,214800
5/20/2021,19.110001,19.200001,19.030001,19.129999,18.861486,202300
5/21/2021,19.129999,19.200001,19,19.1,18.831909,182300
5/24/2021,19.26,19.4,19.200001,19.389999,19.117838,174400
5/25/2021,19.4,19.440001,19.26,19.309999,19.03896,188200
5/26/2021,19.389999,19.6,19.360001,19.549999,19.275593,486000
5/27/2021,19.459999,19.530001,19.4,19.459999,19.186853,158700
5/28/2021,19.530001,19.68,19.5,19.68,19.403767,217900
6/1/2021,19.700001,19.790001,19.690001,19.700001,19.423491,310500
6/2/2021,19.700001,19.860001,19.700001,19.809999,19.531944,271600
6/3/2021,19.85,20,19.809999,19.879999,19.600962,229300
6/4/2021,19.91,20.200001,19.91,20.129999,19.847452,296200
6/7/2021,20.139999,20.190001,19.959999,19.98,19.699558,191900
6/8/2021,19.9,19.9,19.6,19.700001,19.423491,296300
6/9/2021,19.870001,19.92,19.809999,19.879999,19.600962,171500
6/10/2021,19.879999,19.93,19.799999,19.860001,19.581244,144300
6/11/2021,19.959999,20.059999,19.950001,20,19.719276,158100
6/14/2021,20.1,20.23,20.049999,20.18,19.896751,276300
6/15/2021,20.200001,20.23,20.1,20.16,19.877031,203100
6/16/2021,20.01,20.15,19.73,19.82,19.541803,325300
6/17/2021,19.99,20.120001,19.84,20.059999,19.778435,200500
6/18/2021,20.15,20.24,20,20.01,19.729137,206200
6/21/2021,20.01,20.17,20,20.16,19.877031,121000
6/22/2021,20.139999,20.15,20.02,20.15,19.86717,103800
6/23/2021,20.139999,20.139999,20,20.07,19.788294,227900
6/24/2021,20.139999,20.139999,20.01,20.110001,19.827734,181500
6/25/2021,20.32,20.5,20.16,20.5,20.212257,227700
6/28/2021,20.51,20.639999,20.51,20.6,20.310856,253400
6/29/2021,20.65,20.65,20.549999,20.629999,20.340433,202900
6/30/2021,20.77,20.809999,20.700001,20.790001,20.498188,321100
7/1/2021,20.879999,20.879999,20.75,20.870001,20.577065,172500
7/2/2021,20.83,20.950001,20.82,20.889999,20.596785,113400
7/6/2021,20.5,20.5,20.200001,20.370001,20.084084,426500
7/7/2021,20.450001,20.48,20.299999,20.4,20.113661,309200
7/8/2021,20.290001,20.290001,19.91,20.030001,19.748856,377900
7/9/2021,19.9,19.969999,19.82,19.93,19.650259,204200
7/12/2021,19.530001,19.58,19.33,19.440001,19.167137,531600
7/13/2021,19.34,19.4,19.15,19.209999,18.940363,487300
7/14/2021,19.200001,19.32,19.15,19.25,18.979803,210300
7/15/2021,19.43,19.469999,19.35,19.370001,19.09812,138300
7/16/2021,19.48,19.549999,19.370001,19.379999,19.107979,242900
7/19/2021,18.879999,18.889999,18.6,18.73,18.467104,659700
7/20/2021,18.860001,19.209999,18.82,19.15,18.881207,435100
7/21/2021,19.190001,19.25,19.040001,19.24,18.969944,222000
7/22/2021,19.41,19.5,19.299999,19.309999,19.03896,187200
7/23/2021,19.16,19.219999,19,19.07,18.80233,311500
7/26/2021,19,19.18,18.93,19.18,18.910786,218000
7/27/2021,19.23,19.27,19.02,19.27,18.999525,129900
7/28/2021,19.280001,19.360001,19.16,19.32,19.04882,136300
7/29/2021,19.48,19.49,19.309999,19.360001,19.088261,124700
7/30/2021,19.35,19.549999,19.299999,19.549999,19.275593,153700
8/2/2021,19.42,19.66,19.4,19.51,19.236155,267500
8/3/2021,19.67,19.92,19.67,19.9,19.62068,269500
8/4/2021,19.9,19.959999,19.809999,19.85,19.571383,162500
8/5/2021,19.969999,20.07,19.950001,20.02,19.738998,270800
8/6/2021,19.879999,20.030001,19.75,19.809999,19.531944,136500
8/9/2021,19.98,20.25,19.889999,20.209999,19.926329,228700
8/10/2021,20.110001,20.110001,19.93,19.99,19.709419,213800
8/11/2021,19.85,19.99,19.85,19.950001,19.669981,199400
8/12/2021,19.799999,19.860001,19.709999,19.799999,19.522085,116500
8/13/2021,19.76,19.84,19.76,19.84,19.561523,145800
8/16/2021,19.84,19.879999,19.66,19.719999,19.443207,194200
8/17/2021,19.59,19.65,19.370001,19.43,19.157276,180300
8/18/2021,19.440001,19.58,19.4,19.4,19.127697,184900
8/19/2021,19.370001,19.540001,19.26,19.469999,19.196714,282500
8/20/2021,19.1,19.299999,19.030001,19.16,18.891068,361000
8/23/2021,19.059999,19.370001,19.059999,19.370001,19.09812,307300
8/24/2021,19.26,19.34,19.209999,19.280001,19.009382,187000
8/25/2021,19.379999,19.469999,19.299999,19.41,19.137558,199300
8/26/2021,19.33,19.41,19.17,19.23,18.960085,192700
8/27/2021,19.370001,19.84,19.360001,19.76,19.482647,337100
8/30/2021,19.84,19.93,19.719999,19.860001,19.581244,207000
8/31/2021,19.860001,19.860001,19.700001,19.75,19.472786,165800
9/1/2021,19.74,19.98,19.74,19.92,19.640402,236000
9/2/2021,19.99,20.02,19.92,20,19.719276,195200
9/3/2021,20.110001,20.219999,20.059999,20.200001,19.916471,273100
9/7/2021,20.16,20.18,19.93,20.030001,19.748856,183000
9/8/2021,19.950001,19.950001,19.73,19.77,19.492508,330700
9/9/2021,19.870001,20.07,19.82,20.030001,19.748856,159800
9/10/2021,20.030001,20.16,19.99,20.030001,19.748856,151700
9/13/2021,20.030001,20.030001,19.700001,19.83,19.551664,140800
9/14/2021,19.82,19.879999,19.709999,19.75,19.472786,183100
9/15/2021,19.82,19.969999,19.75,19.82,19.541803,161100
9/16/2021,19.83,19.9,19.74,19.870001,19.591103,100400
9/17/2021,19.940001,19.959999,19.76,19.84,19.561523,143700
9/20/2021,19.5,19.559999,19.309999,19.379999,19.107979,264100
9/21/2021,19.360001,19.58,19.360001,19.51,19.236155,124100
9/22/2021,19.68,19.98,19.620001,19.85,19.571383,204900
9/23/2021,19.93,19.93,19.610001,19.73,19.453068,748600
9/24/2021,19.68,19.68,19.549999,19.58,19.305172,138200
9/27/2021,19.379999,19.4,19.18,19.209999,18.940363,315800
9/28/2021,19.280001,19.34,19.110001,19.200001,18.930506,214600
9/29/2021,19.18,19.309999,19.040001,19.07,18.80233,379800
9/30/2021,19.17,19.4,19.17,19.27,18.999525,178900
10/1/2021,19.129999,19.209999,19.07,19.139999,18.871347,153100
10/4/2021,19.18,19.290001,19.1,19.1,18.831909,134200
10/5/2021,19.200001,19.4,19.200001,19.299999,19.029102,159800
10/6/2021,19.18,19.24,19.139999,19.209999,18.940363,125400
10/7/2021,19.309999,19.540001,19.309999,19.469999,19.196714,240000
10/8/2021,19.58,19.629999,19.530001,19.6,19.32489,209100
10/11/2021,19.84,19.85,19.610001,19.639999,19.364328,99600
10/12/2021,19.700001,19.75,19.559999,19.610001,19.334751,115800
10/13/2021,19.559999,19.67,19.540001,19.6,19.32489,90200
10/14/2021,19.559999,19.66,19.559999,19.629999,19.354469,87400
10/15/2021,19.68,19.700001,19.450001,19.5,19.226294,344600
10/18/2021,19.459999,19.66,19.459999,19.629999,19.354469,200400
10/19/2021,19.799999,19.82,19.67,19.709999,19.433348,76100
10/20/2021,19.66,19.719999,19.610001,19.709999,19.433348,195500
10/21/2021,19.59,19.620001,19.540001,19.57,19.295311,32300
10/22/2021,19.58,19.700001,19.57,19.639999,19.364328,98500
10/25/2021,19.6,19.719999,19.6,19.709999,19.433348,249700
10/26/2021,19.799999,19.879999,19.719999,19.719999,19.443207,190300
10/27/2021,20.08,20.15,20,20.1,19.817875,324200
10/28/2021,20.209999,20.33,20.200001,20.24,19.95591,296800
10/29/2021,20.25,20.32,20.190001,20.299999,20.015066,269400
11/1/2021,20.280001,20.4,20.25,20.370001,20.084084,177900
11/2/2021,20.4,20.4,20.32,20.33,20.044645,164800
11/3/2021,20.18,20.219999,20.02,20.190001,19.90661,161300
11/4/2021,20.200001,20.280001,20.129999,20.200001,19.916471,243400
11/5/2021,20.35,20.440001,20.35,20.42,20.133383,123600
11/8/2021,20.51,20.68,20.469999,20.67,20.379873,351500
11/9/2021,20.65,20.65,20.5,20.559999,20.271416,167100
11/10/2021,20.5,20.75,20.5,20.59,20.300995,310200
11/11/2021,20.68,20.68,20.559999,20.6,20.310856,169000
11/12/2021,20.68,20.77,20.6,20.709999,20.419312,141600
11/15/2021,20.719999,20.84,20.709999,20.75,20.45875,193800
11/16/2021,20.77,20.780001,20.68,20.74,20.448891,207300
11/17/2021,20.790001,20.91,20.77,20.85,20.557346,205200
11/18/2021,20.85,20.879999,20.799999,20.85,20.557346,196700
11/19/2021,20.68,20.68,20.51,20.540001,20.251698,159600
11/22/2021,20.49,20.5,20.280001,20.280001,19.995348,192600
11/23/2021,20.48,20.57,20.48,20.559999,20.271416,205400
11/24/2021,20.65,20.75,20.65,20.719999,20.429169,142300
11/26/2021,20.51,20.799999,20.51,20.68,20.389732,236400
11/29/2021,20.68,20.92,20.610001,20.67,20.379873,304300
11/30/2021,20.67,20.83,20.67,20.75,20.45875,322300
12/1/2021,20.879999,20.98,20.75,20.799999,20.508047,195600
12/2/2021,20.799999,20.85,20.68,20.719999,20.429169,296800
12/3/2021,20.5,20.549999,20.280001,20.370001,20.084084,251000
12/6/2021,20,20.049999,19.870001,20.01,19.729137,502800
12/7/2021,20.379999,20.559999,20.32,20.51,20.222118,339700
12/8/2021,20.549999,20.700001,20.549999,20.700001,20.409452,204800
12/9/2021,20.790001,20.879999,20.780001,20.85,20.557346,293600
12/10/2021,20.77,20.780001,20.629999,20.68,20.389732,133400
12/13/2021,20.84,20.84,20.620001,20.68,20.389732,275600
12/14/2021,20.629999,20.780001,20.6,20.690001,20.399591,56800
12/15/2021,20.68,20.799999,20.65,20.74,20.448891,117000
12/16/2021,20.790001,20.799999,20.610001,20.709999,20.419312,168500
12/17/2021,20.719999,20.85,20.719999,20.77,20.47847,160600
12/20/2021,20.51,20.639999,20.51,20.6,20.412081,178300
12/21/2021,20.76,20.940001,20.76,20.879999,20.689524,217000
12/22/2021,20.879999,20.99,20.85,20.99,20.798523,169200
12/23/2021,20.73,20.73,20.639999,20.66,20.471533,165400
12/27/2021,20.77,21.049999,20.68,21.01,20.81834,350500
12/28/2021,21.01,21.1,21,21.049999,20.857975,107700
12/29/2021,21.02,21.02,20.950001,21.01,20.81834,100800
12/30/2021,21.01,21.309999,21.01,21.26,21.066059,305400
12/31/2021,21.27,21.370001,21.190001,21.24,21.046242,126000
1/3/2022,21.280001,21.35,21.25,21.27,21.07597,360600
1/4/2022,21.540001,21.66,21.52,21.530001,21.333595,422200
1/5/2022,21.549999,21.6,21.450001,21.49,21.293961,315600
1/6/2022,21.49,21.5,21.219999,21.389999,21.194872,227800
1/7/2022,21.4,21.48,21.389999,21.4,21.204782,160300
1/10/2022,21.26,21.26,21.030001,21.200001,21.006607,427500
1/11/2022,21.030001,21.07,20.91,21.059999,20.867882,226800
1/12/2022,21.26,21.26,21.049999,21.09,20.89761,140200
1/13/2022,20.889999,20.889999,20.67,20.73,20.540894,297800
1/14/2022,20.73,20.790001,20.65,20.74,20.550802,164700
1/18/2022,20,20.02,19.68,19.68,19.500471,569000
1/19/2022,19.719999,19.879999,19.719999,19.75,19.569834,495700
1/20/2022,19.93,20.08,19.889999,19.91,19.728374,336700
1/21/2022,19.84,19.92,19.780001,19.84,19.659012,497500
1/24/2022,19.32,19.32,18.85,19.120001,18.945581,682200
1/25/2022,19.33,19.559999,19.299999,19.48,19.302296,435000
1/26/2022,19.559999,19.559999,19.299999,19.33,19.153666,187800
1/27/2022,19.33,19.450001,19.309999,19.370001,19.1933,238800
1/28/2022,19.4,19.620001,19.370001,19.6,19.421202,202000
1/31/2022,19.530001,19.809999,19.530001,19.77,19.589653,123000
2/1/2022,19.82,19.860001,19.639999,19.83,19.649105,123900
2/2/2022,19.9,19.98,19.790001,19.889999,19.708557,112100
2/3/2022,19.809999,19.82,19.709999,19.76,19.579742,243900
2/4/2022,19.790001,19.790001,19.67,19.719999,19.540106,108100
2/7/2022,19.790001,19.790001,19.690001,19.74,19.559925,165100
2/8/2022,19.67,19.68,19.549999,19.65,19.470745,208100
2/9/2022,19.98,20.030001,19.870001,20.030001,19.847281,420200
2/10/2022,19.860001,19.98,19.77,19.870001,19.68874,168400
2/11/2022,19.799999,19.85,19.6,19.620001,19.441019,283300
2/14/2022,19.5,19.52,19.33,19.4,19.223026,252500
2/15/2022,19.620001,19.73,19.59,19.65,19.470745,102200
2/16/2022,19.65,19.85,19.620001,19.809999,19.629286,59800
2/17/2022,19.84,19.950001,19.76,19.82,19.639194,281700
2/18/2022,19.799999,19.9,19.790001,19.790001,19.60947,114800
2/22/2022,19.59,19.700001,19.459999,19.639999,19.460836,286900
2/23/2022,19.879999,19.879999,19.639999,19.68,19.500471,222600
2/24/2022,19.110001,19.52,19.030001,19.5,19.322113,423100
2/25/2022,19.559999,19.620001,19.51,19.59,19.411293,219100
2/28/2022,19.48,19.540001,19.41,19.51,19.332024,193900
3/1/2022,19.559999,19.6,19.41,19.43,19.252752,142500
3/2/2022,19.41,19.59,19.4,19.549999,19.371658,176800
3/3/2022,19.879999,19.879999,19.719999,19.74,19.559925,134200
3/4/2022,19.540001,19.68,19.540001,19.639999,19.460836,134400
3/7/2022,19.5,19.5,19.219999,19.24,19.064487,221100
3/8/2022,19.09,19.110001,18.940001,18.969999,18.796947,232500
3/9/2022,19,19.17,19,19.120001,18.945581,170200
3/10/2022,19.200001,19.200001,18.93,18.969999,18.796947,184500
3/11/2022,18.9,18.9,18.530001,18.530001,18.360964,258500
3/14/2022,18.379999,18.379999,18.139999,18.200001,18.033974,292200
3/15/2022,18.25,18.450001,18.200001,18.4,18.232147,293000
3/16/2022,18.450001,18.790001,18.450001,18.76,18.588865,331100
3/17/2022,18.690001,18.690001,18.559999,18.620001,18.450142,252600
3/18/2022,18.719999,18.860001,18.6,18.85,18.678043,151400
3/21/2022,19.200001,19.24,18.98,19.190001,19.014942,183500
3/22/2022,19.23,19.32,19.129999,19.27,19.094213,148600
3/23/2022,19.299999,19.35,19.209999,19.219999,19.044668,104700
3/24/2022,19.280001,19.280001,19.15,19.200001,19.024853,112500
3/25/2022,19.200001,19.200001,19.09,19.15,18.975306,102300
3/28/2022,18.950001,19.01,18.780001,18.92,18.747406,225600
3/29/2022,19.07,19.139999,19,19.110001,18.935673,115100
3/30/2022,19.01,19.040001,18.889999,19,18.826675,222800
3/31/2022,19.059999,19.059999,18.83,18.870001,18.697861,82800
4/1/2022,19.15,19.23,19.08,19.190001,19.014942,135800
4/4/2022,19.35,19.469999,19.290001,19.450001,19.272572,203700
4/5/2022,19.43,19.440001,19.219999,19.27,19.094213,150700
4/6/2022,19.129999,19.27,19.02,19.059999,18.886127,189000
4/7/2022,18.959999,19.110001,18.92,18.99,18.816767,101700
4/8/2022,18.879999,18.879999,18.76,18.77,18.598776,146000
4/11/2022,18.639999,18.780001,18.639999,18.690001,18.519505,253300
4/12/2022,18.620001,18.68,18.549999,18.559999,18.390688,92300
4/13/2022,18.74,18.77,18.469999,18.75,18.578957,115300
4/14/2022,18.719999,18.719999,18.540001,18.540001,18.370872,100500
4/18/2022,18.32,18.4,18,18,17.835798,197200
4/19/2022,17.799999,17.799999,17.68,17.700001,17.538536,326700
4/20/2022,17.67,17.67,17.5,17.51,17.350269,229700
4/21/2022,17.5,17.530001,17.35,17.360001,17.201637,315600
4/22/2022,17.469999,17.49,17.26,17.26,17.102549,184800
4/25/2022,16.6,16.620001,16.459999,16.6,16.44857,487300
4/26/2022,16.85,16.9,16.700001,16.719999,16.567474,232600
4/27/2022,16.91,17.049999,16.91,16.959999,16.805283,237300
4/28/2022,16.950001,16.959999,16.82,16.9,16.745832,340100
4/29/2022,17.059999,17.18,17.02,17.040001,16.884556,282200
5/2/2022,17.049999,17.120001,17.02,17.1,16.944008,222400
5/3/2022,17.139999,17.23,17.129999,17.219999,17.062912,237700
5/4/2022,17.030001,17.1,16.889999,17.059999,16.904371,314200
5/5/2022,17,17.049999,16.82,16.860001,16.7062,269700
5/6/2022,16.700001,16.73,16.58,16.620001,16.468388,233800
5/9/2022,15.99,16.040001,15.73,15.74,15.596415,517700
5/10/2022,16.15,16.190001,16.01,16.139999,15.992765,327400
5/11/2022,16.059999,16.219999,16.059999,16.09,15.943221,243800
5/12/2022,15.46,15.46,15.25,15.28,15.140611,694000
5/13/2022,15.05,15.25,15.05,15.23,15.091066,492000
5/16/2022,15.04,15.06,14.94,14.96,14.823529,347400
5/17/2022,15.56,15.67,15.56,15.65,15.507235,442600
5/18/2022,15.63,15.72,15.4,15.42,15.279333,141100
5/19/2022,15.52,15.64,15.51,15.6,15.457692,170400
5/20/2022,15.7,15.7,15.39,15.48,15.338785,140600
5/23/2022,15.39,15.42,15.29,15.31,15.170338,224800
5/24/2022,15.39,15.48,15.37,15.4,15.259515,244700
5/25/2022,15.73,15.73,15.61,15.71,15.566689,323800
5/26/2022,15.76,15.76,15.69,15.74,15.596415,279900
5/27/2022,15.91,15.91,15.87,15.9,15.754954,149400
5/31/2022,16.129999,16.16,15.96,16.040001,15.893679,317300
6/1/2022,16.200001,16.200001,16.02,16.059999,15.913494,159900
6/2/2022,16.01,16.02,15.92,16.02,15.873859,225600
6/3/2022,15.94,15.94,15.8,15.81,15.665776,174500
6/6/2022,15.98,15.98,15.8,15.8,15.655868,146200
6/7/2022,15.84,15.9,15.8,15.9,15.754954,172300
6/8/2022,16.040001,16.049999,15.94,15.96,15.814408,222900
6/9/2022,16.07,16.07,15.92,15.93,15.784681,138700
6/10/2022,15.8,15.8,15.63,15.65,15.507235,217000
6/13/2022,15.22,15.22,14.93,14.95,14.813621,468200
6/14/2022,15.1,15.2,15.01,15.05,14.912709,115300
6/15/2022,14.9,15.04,14.79,14.98,14.843347,275100
6/16/2022,14.95,14.95,14.76,14.89,14.754169,403600
6/17/2022,14.8,14.85,14.72,14.82,14.684806,117400
6/21/2022,14.64,14.69,14.51,14.54,14.407361,351000
6/22/2022,14.5,14.51,14.3,14.45,14.318182,189300
6/23/2022,14.58,14.7,14.5,14.65,14.516357,270400
6/24/2022,14.69,14.83,14.65,14.79,14.65508,175700
6/27/2022,15,15,14.8,14.81,14.674898,292100
6/28/2022,14.99,14.99,14.76,14.82,14.684806,109800
6/29/2022,14.85,14.85,14.67,14.71,14.57581,115100
6/30/2022,14.52,14.52,14.34,14.4,14.268638,238700
7/1/2022,14.39,14.5,14.34,14.48,14.347908,325200
7/5/2022,14.18,14.28,14,14.09,13.961467,986600
7/6/2022,13.97,13.97,13.76,13.8,13.674112,375900
7/7/2022,14.08,14.17,14.08,14.16,14.030828,219900
7/8/2022,14.16,14.33,14.09,14.28,14.149733,203000
7/11/2022,14.28,14.28,14.16,14.18,14.050645,95800
7/12/2022,14.31,14.38,14.26,14.34,14.209186,112600
7/13/2022,14.23,14.33,14.16,14.21,14.080371,209900
7/14/2022,14.26,14.34,14.25,14.34,14.209186,204700
7/15/2022,14.27,14.44,14.27,14.43,14.298365,179200
7/18/2022,14.4,14.42,14.25,14.27,14.139825,316200
7/19/2022,14.42,14.52,14.42,14.52,14.387545,78800
7/20/2022,14.63,14.64,14.55,14.61,14.476723,177600
7/21/2022,14.69,14.7,14.58,14.66,14.526267,74500
7/22/2022,14.6,14.61,14.47,14.5,14.367726,135000
7/25/2022,14.59,14.62,14.53,14.57,14.437087,98100
7/26/2022,14.47,14.47,14.33,14.34,14.209186,133400
7/27/2022,14.41,14.63,14.41,14.61,14.476723,56700
7/28/2022,14.72,14.82,14.64,14.8,14.664989,134900
7/29/2022,14.71,14.75,14.64,14.73,14.595627,107000
8/1/2022,14.94,15.04,14.84,15.03,14.892891,503300
8/2/2022,15.08,15.14,15.02,15.06,14.922618,147000
8/3/2022,15.15,15.23,15.05,15.22,15.081159,183300
8/4/2022,15.2,15.27,15.11,15.26,15.120793,304600
8/5/2022,15.21,15.3,15.2,15.29,15.150519,139700
8/8/2022,15.38,15.39,15.29,15.36,15.21988,462900
8/9/2022,15.45,15.45,15.36,15.42,15.279333,118600
8/10/2022,15.53,15.53,15.43,15.51,15.368512,137300
8/11/2022,15.44,15.52,15.37,15.43,15.289242,249600
8/12/2022,15.56,15.7,15.53,15.67,15.527053,78000
8/15/2022,15.7,15.76,15.67,15.71,15.566689,115200
8/16/2022,15.71,15.72,15.62,15.68,15.536962,84100
8/17/2022,15.75,15.8,15.68,15.74,15.596415,131800
8/18/2022,15.62,15.68,15.58,15.64,15.497327,293600
8/19/2022,15.52,15.52,15.37,15.45,15.309059,151100
8/22/2022,15.3,15.31,15.25,15.28,15.140611,76400
8/23/2022,15.43,15.52,15.36,15.47,15.328877,222800
8/24/2022,15.57,15.63,15.51,15.6,15.457692,73700
8/25/2022,15.64,15.8,15.64,15.78,15.636049,389700
8/26/2022,15.67,15.67,15.3,15.34,15.200064,452300
8/29/2022,15.26,15.34,15.22,15.24,15.100976,359700
8/30/2022,15.21,15.26,15.13,15.17,15.031614,89600
8/31/2022,15.36,15.38,15.27,15.33,15.190155,259000
9/1/2022,15.25,15.25,15.14,15.24,15.100976,101800
9/2/2022,15.3,15.31,15.17,15.17,15.031614,41900
9/6/2022,15.16,15.16,15.02,15.05,14.912709,401700
9/7/2022,14.86,14.93,14.75,14.88,14.74426,135900
9/8/2022,14.85,14.93,14.83,14.86,14.724442,88900
9/9/2022,15,15.11,14.96,15.05,14.912709,506800
9/12/2022,15.11,15.18,15.06,15.15,15.011796,122800
9/13/2022,14.96,14.96,14.61,14.66,14.526267,514200
9/14/2022,14.85,14.85,14.7,14.78,14.645171,442700
9/15/2022,14.75,14.83,14.62,14.65,14.516357,358300
9/16/2022,14.58,14.6,14.5,14.51,14.377635,212900
9/19/2022,14.4,14.41,14.31,14.37,14.238912,150900
9/20/2022,14.4,14.4,14.32,14.4,14.268638,291100
9/21/2022,14.37,14.4,14.25,14.35,14.219094,206400
9/22/2022,14.27,14.39,14.19,14.2,14.070462,186800
9/23/2022,14.1,14.11,14,14.05,13.921832,125600
9/26/2022,13.8,13.85,13.57,13.59,13.466027,393400
9/27/2022,13.58,13.68,13.52,13.55,13.426392,207700
9/28/2022,13.41,13.54,13.38,13.5,13.376848,225900
9/29/2022,13.25,13.39,13.05,13.08,12.96068,188300
9/30/2022,13.05,13.47,13.05,13.3,13.178673,1644200
10/3/2022,12.97,13,12.72,12.86,12.742686,287900
10/4/2022,12.89,12.96,12.81,12.86,12.742686,418400
10/5/2022,12.97,13.06,12.86,13.02,12.901227,652900
10/6/2022,12.7,12.74,12.62,12.67,12.55442,214200
10/7/2022,12.48,12.48,12.21,12.41,12.296791,717100
10/10/2022,12.56,12.56,12.32,12.42,12.306701,342700
10/11/2022,12.1,12.14,11.89,12.03,11.920259,633600
10/12/2022,12.2,12.36,12.2,12.33,12.217521,257200
10/13/2022,12.19,12.53,12.02,12.52,12.405788,635200
10/14/2022,12.5,12.64,12.25,12.28,12.167977,123000
10/17/2022,12.29,12.38,12.29,12.33,12.217521,173100
10/18/2022,12.49,12.49,12.35,12.41,12.296791,407100
10/19/2022,12.33,12.35,12.17,12.22,12.108524,308200
10/20/2022,12.27,12.27,12.1,12.13,12.019346,149600
10/21/2022,11.85,11.88,11.58,11.87,11.761718,891100
10/24/2022,11.43,11.43,11.27,11.36,11.25637,689800
10/25/2022,11.35,11.41,11.29,11.35,11.246462,471600
10/26/2022,11.26,11.55,11.26,11.47,11.365367,695200
10/27/2022,11.79,11.82,11.71,11.77,11.66263,496900
10/28/2022,11.75,11.78,11.65,11.75,11.642812,232500
10/31/2022,11.67,11.72,11.64,11.68,11.573451,192500
11/1/2022,11.8,11.85,11.54,11.54,11.434729,348000
11/2/2022,11.56,11.74,11.47,11.48,11.375276,324300
11/3/2022,11.48,11.48,11.35,11.37,11.266279,372200
11/4/2022,11.36,11.42,11.18,11.34,11.236553,731200
11/7/2022,11.21,11.21,11.01,11.05,10.949198,532200
11/8/2022,11.1,11.27,11.1,11.25,11.147373,601200
11/9/2022,11.18,11.18,11,11.01,10.909563,330300
11/10/2022,11.24,11.25,10.9,10.96,10.86002,906800
11/11/2022,11.05,11.3,10.98,11.21,11.107738,1643200
11/14/2022,11.08,11.2,10.92,10.94,10.840201,1630000
11/15/2022,11,11.02,10.73,10.9,10.800567,1137000
11/16/2022,11.15,11.34,11.14,11.26,11.157283,1303300
11/17/2022,11.49,11.52,11.3,11.48,11.375276,1383700
11/18/2022,11.6,11.62,11.34,11.38,11.276188,591500
11/21/2022,11.25,11.28,11.13,11.17,11.068104,538000
11/22/2022,11.15,11.18,11.08,11.15,11.048285,542700
11/23/2022,11.11,11.16,11.06,11.12,11.018559,450500
11/25/2022,11.45,11.6,11.37,11.57,11.464455,528600
11/28/2022,11.82,12,11.77,11.8,11.692356,1242400
11/29/2022,12.18,12.22,12.09,12.2,12.088708,1546400
11/30/2022,12.39,12.78,12.38,12.78,12.663417,1618300